"2,4-Dichlorophenyl 3-methoxy-4-nitrophenyl ether"
Niflumic acid
Phenanthridine
Acridine
2-Hydroxyacridine
p-Biphenyl isothiocyanate
m-Biphenyl isothiocyanate
Fluorene
Leptophos
Leptophos oxon
N-( p-Chlorophenyl)-o-hydroxybenzamide
"2,4,-Dichloro-6-benzyl-phenol"
Dichlorophen
Benodanil
9-Aminoacridine
4-Aminoacridine
2-Aminoacridine
3-Aminoacridine
1-Aminoacridine
1-Benzoyloxymethyl allopurinol
Benzophenone
"2,4-Dihydroxybenzophenone"
Phenyl salicylate
"2,3,4-Trihydroxybenzophenone"
"2,4,6-Trihydroxybenzophenone"
"2,2',4,4'-Tetrahydroxybenzophenone"
"2,3,4,4'-Tetrahydroxybenzophenone"
Maclurin
San 6706
Chlorophene
2-Aminofluorene
Salicylanilide
"6H-Dipyrido[3,2-b:2',3'-e][1,4]diazepin-6-one, 2-chloro-11-ethyl-5,11-dihydro"
"Furo[3,4-b]quinolin-3(1H)-one, 9-hydroxy-1,7-dimethyl"
"Furo[3,4-b]quinolin-3(1H)-one, 9-hydroxy-1,6-dimethyl"
Oxolinic acid
Benquinox
2-Sulfanilamidobenzothiazole
Tenoxicam
5-p-Nitrobenzenesulfonamidotetrazole
4-Carboxyethylphenylphenylphosphinic acid
Diphenylmethane
4-Methylbiphenyl
Fluconazole
Carbanilide
Phenallymal
Nimesulide
p-Benzylphenol
o-Benzylphenol
Benzhydrol
bis(4-Hydroxy-3-coumarin) acetic acid ethyl ester
Glycophen
a-(ß-Naphthyl)-a-alanine
"2-Azetidinecarboxylic acid, 1-[(benzoyloxy)acetyl]-"
N4-Acetyl sulfapyridine
Succinylsulfathiazole
Diphenyl methyl phosphate
"1,4,5-Trimethylnaphthalene"
Ethalfluralin
"4,4'-Methylenedianiline"
Mephobarbital
"Benzoic acid, 2-(acetyloxy)-, 2-[(2-amino-2-oxoethyl)amino]-2-oxoethyl ester"
Pyridine-2-azo-p-dimethylaniline
N4-Acetylsulfamerazine
Acetyl sulfamethoxypyridazine
"Salicylic acid acetate, hydroxymethyl ester propionate"
Methylphthalyl ethyl glycolate
Glutethimide
Pyracarbolid
m-Carboxylpentylphenylisothiocyanate
"""Pyrolan"
"1-Phenyl-3-met"""
"Pyrrolidine, 1-[(benzoyloxy)acetyl]-"
"Morpholine, 4-[(benzoyloxy)acetyl]-"
"Benzoic acid, 2-(acetyloxy)-, 2-(dimethylamino)-2-oxoethyl ester"
"Benzoic acid, 2-(acetyloxy)-, 2-(ethylamino)-2-oxoethyl ester"
2-Sulfanilamido-3-ethoxypyridine
5-Sulfanilamido-2-ethoxypyridine
Acetyl sulfisoxazole
"N1-(3,4-Dimethyl-5-isoxazolyl)-N4-acetylsulfanilamide"
"2,4-Dichlorophenoxyacetic acid 1-ethylpropyl ester"
"2,4-Dichlorophenoxyacetic acid n-pentyl ester"
"2,4-Dichlorophenoxyacetic acid 2-methylbutyl ester"
Benefin
Trifluralin
Isoxathion
3-(1-Methyl-2-pyrrolidinyl)-indole
Melatonin
N-Acetyl-l-tyrosinamide acetate
Methyl-2-ethyl-2-phenylmalonurate
Medinoterb acetate
2-Sulfanilylamino-4-ethyl-5-methylpyrimidine
9-[5-O-(Acetate-ß-d-arabinofuranosyl)]-6-methoxy-9H-purine (hemihydrate)
Diethylacetyl salicylate
Methyl phthalyl ethyl glycollate
Helicin (0.75 hydrate)
MCPB-ethyl
"Uridine, 2'-deoxy-5-iodo-, 5'-butanoate"
"Uridine, 2'-deoxy-5-iodo-, 5'-(2-methylpropanoate)"
N-Butylcinnamamide
"2-p-Aminobenzenesulphonamido-4,5,6-trimethylpyrimidine"
"N,N-Diethylcinnamamide"
"Acetamide, 2-(benzoyloxy)-N-butyl"
N-Acetyl-l-phenylalanine ethyl ester
2-( p-Acetaminophenoxy)tetrahydropyran
Pivalyl acetaminophen
"Acetamide, 2-(benzoyloxy)-N-(1,1-dimethylethyl)-"
"Acetamide, 2-(benzoyloxy)-N,N-diethyl"
"Butanamide, 4-(benzoyloxy)-N,N-dimethyl"
Butyl acetaminophen
"Benzoic acid, 2-hydroxy-, 2-(diethylamino)-2-oxoethyl ester"
Isobutyl acetaminophen
O-(Pivaloyloxymethyl) salicylamide
"Propanoic acid, 2,2-dimethyl-, [2-(aminocarbonyl)phenoxy]methyl ester"
"Acetamide, 2-(benzoyloxy)-N-ethyl-N-(2-hydroxyethyl)-"
N-Acetyl-l-tyrosine ethyl ester
"Acetamide, 2-(benzoyloxy)-N,N-bis(2-hydroxyethyl)-"
"Acetamide, 2-(benzoyloxy)-N-[2-hydroxy-1,1-bis(hydroxymethyl)ethyl]-"
Aminopyrine
9-(2-O-Propionyl-ß-d-arabinofuranosyl)adenine
9-[5'-(O-Propionyl)-ß-d-arabinofuranosyl]adenine ester
"9-(1,3-Diacetate-2-propoxymethyl)guanine"
"9-(1,3-Dimethoxycarbonyl-2-propoxymethyl)guanine"
Monalide
Pentanochlor
